Sonya,Cowens,Sonya Cowens,import00@test.test,20,3
Rosann,Jobe,Rosann Jobe,import01@test.test,20,4
Claude,Emerson,Claude Emerson,import02@test.test,20,5
Giovanni,Cox,Giovanni Cox,import03@test.test,20,3
Carmine,Mussio,Carmine Mussio,import04@test.test,20,5
Tarah,Klug,Tarah Klug,import05@test.test,20,46